{"cameraMode":{"drawMode":0,"name":"Shaded","section":"Shading Mode"},"sceneLighting":true,"audioPlay":false,"sceneViewState":{"showFog":true,"showMaterialUpdate":false,"showSkybox":true,"showFlares":true,"showImageEffects":true,"showParticleSystems":true,"showVisualEffectGraphs":true,"m_FxEnabled":true},"in2DMode":false,"pivot":{"x":6.818179130554199,"y":0.9939990639686585,"z":-1.953709602355957},"rotation":{"x":0.5813653469085693,"y":-0.0012167212553322316,"z":0.0008743796497583389,"w":0.8136569857597351},"size":10.134657859802246,"orthographic":true}